Modelo,Threshold,Accuracy,Precision,Recall,F1-score,ROC-AUC,Gini
Regresión Logística,0.55,0.7608232789212207,0.5353728489483748,0.7486631016042781,0.6243032329988851,0.8400914516004029,0.6801829032008058
