Modelo,Threshold,Accuracy,Precision,Recall,F1-score,ROC-AUC,Gini
Regresión Logística,0.55,0.7700496806245565,0.5490196078431373,0.7486631016042781,0.6334841628959276,0.8505283009119325,0.7010566018238651
